Title,Price,Rating,Colors,Size,Gender,Timestamp
T-shirt 2,1634400.0,3.9,3,m,women,2025-05-27T10:03:51.696894
Hoodie 3,7950080.0,4.8,3,l,unisex,2025-05-27T10:03:51.697000
Pants 4,7476960.0,3.3,3,xl,men,2025-05-27T10:03:51.697100
Outerwear 5,5145440.0,3.5,3,xxl,women,2025-05-27T10:03:51.697191
Jacket 6,2453920.0,3.3,3,s,unisex,2025-05-27T10:03:51.697293
Crewneck 7,6892000.0,4.3,3,m,men,2025-05-27T10:03:51.697379
T-shirt 8,7802560.0,3.1,3,l,women,2025-05-27T10:03:51.697463
Hoodie 9,3972160.0,3.2,3,xl,unisex,2025-05-27T10:03:51.697543
Pants 10,3100160.0,4.2,3,xxl,men,2025-05-27T10:03:51.697627
Jacket 12,8527840.0,3.9,3,m,unisex,2025-05-27T10:03:51.697791
Crewneck 13,5447200.0,3.2,3,l,men,2025-05-27T10:03:51.697888
T-shirt 14,3248800.0,3.8,3,xl,women,2025-05-27T10:03:51.697972
Hoodie 15,2184160.0,3.6,3,xxl,unisex,2025-05-27T10:03:51.698055
Outerwear 17,841600.0,3.8,3,m,women,2025-05-27T10:03:51.698202
Jacket 18,5500000.0,3.8,3,l,unisex,2025-05-27T10:03:51.698285
Crewneck 19,1308960.0,3.6,3,xl,men,2025-05-27T10:03:51.698367
T-shirt 20,1325600.0,3.4,3,xxl,women,2025-05-27T10:03:51.698456
Pants 22,4319680.0,4.9,3,m,men,2025-05-27T10:03:52.227692
Outerwear 23,4655840.0,3.7,3,l,women,2025-05-27T10:03:52.227784
Jacket 24,8223520.0,3.9,3,xl,unisex,2025-05-27T10:03:52.227874
Crewneck 25,8322559.999999999,3.3,3,xxl,men,2025-05-27T10:03:52.227961
T-shirt 26,7292320.0,4.6,3,s,women,2025-05-27T10:03:52.228040
Hoodie 27,3551840.0,4.8,3,m,unisex,2025-05-27T10:03:52.228119
Pants 28,5216160.0,4.0,3,l,men,2025-05-27T10:03:52.228200
Outerwear 29,861600.0,3.1,3,xl,women,2025-05-27T10:03:52.228276
Jacket 30,8610240.0,3.7,3,xxl,unisex,2025-05-27T10:03:52.228352
T-shirt 32,6657920.0,3.4,3,m,women,2025-05-27T10:03:52.228511
Hoodie 33,7248160.0,3.5,3,l,unisex,2025-05-27T10:03:52.228615
Pants 34,8362719.999999999,3.8,3,xl,men,2025-05-27T10:03:52.228696
Outerwear 35,1356160.0,3.8,3,xxl,women,2025-05-27T10:03:52.228779
Jacket 36,7249280.0,3.7,3,s,unisex,2025-05-27T10:03:52.228859
Crewneck 37,6006080.0,4.0,3,m,men,2025-05-27T10:03:52.228942
T-shirt 38,4866080.0,3.2,3,l,women,2025-05-27T10:03:52.229020
Hoodie 39,6431200.0,4.6,3,xl,unisex,2025-05-27T10:03:52.229098
Pants 40,5853600.0,3.1,3,xxl,men,2025-05-27T10:03:52.229184
Jacket 42,6744160.0,3.7,3,m,unisex,2025-05-27T10:03:52.520871
Crewneck 43,2909600.0,4.5,3,l,men,2025-05-27T10:03:52.520998
T-shirt 44,3312320.0,3.0,3,xl,women,2025-05-27T10:03:52.521113
Hoodie 45,8693120.0,4.5,3,xxl,unisex,2025-05-27T10:03:52.521212
Outerwear 47,6364640.0,3.2,3,m,women,2025-05-27T10:03:52.521391
Jacket 48,4994720.0,3.4,3,l,unisex,2025-05-27T10:03:52.521486
Crewneck 49,1071200.0,4.0,3,xl,men,2025-05-27T10:03:52.521579
T-shirt 50,5932960.0,3.1,3,xxl,women,2025-05-27T10:03:52.521674
Pants 52,1596480.0,4.0,3,m,men,2025-05-27T10:03:52.521861
Outerwear 53,4470880.0,4.3,3,l,women,2025-05-27T10:03:52.521955
Jacket 54,854560.0,4.2,3,xl,unisex,2025-05-27T10:03:52.522047
Crewneck 55,1793760.0,3.6,3,xxl,men,2025-05-27T10:03:52.522144
T-shirt 56,4643040.0,3.8,3,s,women,2025-05-27T10:03:52.522234
Hoodie 57,3155360.0,4.9,3,m,unisex,2025-05-27T10:03:52.522323
Pants 58,1637760.0,4.4,3,l,men,2025-05-27T10:03:52.522415
Outerwear 59,2254240.0,4.6,3,xl,women,2025-05-27T10:03:52.522524
Jacket 60,3375520.0,4.2,3,xxl,unisex,2025-05-27T10:03:52.522627
T-shirt 62,1376480.0,3.8,3,m,women,2025-05-27T10:03:52.936016
Hoodie 63,6479200.0,3.6,3,l,unisex,2025-05-27T10:03:52.936124
Pants 64,7728480.0,4.0,3,xl,men,2025-05-27T10:03:52.936230
Outerwear 65,2385920.0,4.1,3,xxl,women,2025-05-27T10:03:52.936332
Jacket 66,4353120.0,3.5,3,s,unisex,2025-05-27T10:03:52.936428
Crewneck 67,8470720.0,3.5,3,m,men,2025-05-27T10:03:52.936523
T-shirt 68,8025280.0,4.0,3,l,women,2025-05-27T10:03:52.936635
Hoodie 69,1027839.9999999999,3.6,3,xl,unisex,2025-05-27T10:03:52.936732
Pants 70,1171360.0,4.4,3,xxl,men,2025-05-27T10:03:52.936824
Jacket 72,3776000.0,4.4,3,m,unisex,2025-05-27T10:03:52.937007
Crewneck 73,2460320.0,3.0,3,l,men,2025-05-27T10:03:52.937100
T-shirt 74,7704800.0,3.8,3,xl,women,2025-05-27T10:03:52.937184
Hoodie 75,2101760.0,4.3,3,xxl,unisex,2025-05-27T10:03:52.937269
Outerwear 77,861760.0,3.7,3,m,women,2025-05-27T10:03:52.937409
Jacket 78,2716480.0,4.3,3,l,unisex,2025-05-27T10:03:52.937492
Crewneck 79,3309600.0,4.6,3,xl,men,2025-05-27T10:03:52.937574
T-shirt 80,4178399.9999999995,4.5,3,xxl,women,2025-05-27T10:03:52.937673
Pants 82,8315520.0,4.8,3,m,men,2025-05-27T10:03:53.331149
Outerwear 83,3947840.0,3.7,3,l,women,2025-05-27T10:03:53.331238
Jacket 84,2826080.0,4.8,3,xl,unisex,2025-05-27T10:03:53.331324
Crewneck 85,4564160.0,3.5,3,xxl,men,2025-05-27T10:03:53.331406
T-shirt 86,1670880.0,3.9,3,s,women,2025-05-27T10:03:53.331483
Hoodie 87,7870240.0,4.3,3,m,unisex,2025-05-27T10:03:53.331563
Pants 88,7590400.0,3.1,3,l,men,2025-05-27T10:03:53.331658
Outerwear 89,4856320.0,3.0,3,xl,women,2025-05-27T10:03:53.331738
Jacket 90,7160000.0,4.0,3,xxl,unisex,2025-05-27T10:03:53.331818
T-shirt 92,5012320.0,3.5,3,m,women,2025-05-27T10:03:53.331970
Hoodie 93,1365280.0,3.6,3,l,unisex,2025-05-27T10:03:53.332066
Pants 94,1074880.0,4.3,3,xl,men,2025-05-27T10:03:53.332143
Outerwear 95,6062240.0,3.5,3,xxl,women,2025-05-27T10:03:53.332222
Jacket 96,4598240.0,4.9,3,s,unisex,2025-05-27T10:03:53.332297
Crewneck 97,6113120.0,3.9,3,m,men,2025-05-27T10:03:53.332374
T-shirt 98,8596960.0,3.1,3,l,women,2025-05-27T10:03:53.332450
Hoodie 99,5028000.0,3.6,3,xl,unisex,2025-05-27T10:03:53.332526
Pants 100,2217280.0,4.6,3,xxl,men,2025-05-27T10:03:53.332624
Jacket 102,3840640.0,3.3,3,m,unisex,2025-05-27T10:03:53.641141
Crewneck 103,2331680.0,3.5,3,l,men,2025-05-27T10:03:53.641209
T-shirt 104,2374400.0,3.8,3,xl,women,2025-05-27T10:03:53.641277
Hoodie 105,5019840.0,4.2,3,xxl,unisex,2025-05-27T10:03:53.641341
Outerwear 107,6625120.0,4.0,3,m,women,2025-05-27T10:03:53.641445
Jacket 108,5551680.0,4.8,3,l,unisex,2025-05-27T10:03:53.641506
Crewneck 109,5886880.0,3.3,3,xl,men,2025-05-27T10:03:53.641569
T-shirt 110,7197120.0,4.6,3,xxl,women,2025-05-27T10:03:53.641629
Pants 112,4261920.0,3.3,3,m,men,2025-05-27T10:03:53.641750
Outerwear 113,4472000.0,3.7,3,l,women,2025-05-27T10:03:53.641811
Jacket 114,5386560.0,4.9,3,xl,unisex,2025-05-27T10:03:53.641965
Crewneck 115,1933280.0,4.5,3,xxl,men,2025-05-27T10:03:53.642029
T-shirt 116,3474560.0,3.0,3,s,women,2025-05-27T10:03:53.642125
Hoodie 117,3376320.0,5.0,3,m,unisex,2025-05-27T10:03:53.642193
Pants 118,5585440.0,3.2,3,l,men,2025-05-27T10:03:53.642270
Outerwear 119,3561760.0,3.4,3,xl,women,2025-05-27T10:03:53.642334
Jacket 120,7480320.0,4.0,3,xxl,unisex,2025-05-27T10:03:53.642400
T-shirt 122,1961920.0,3.6,3,m,women,2025-05-27T10:03:54.053453
Hoodie 123,4498080.0,3.8,3,l,unisex,2025-05-27T10:03:54.053557
Pants 124,7023520.0,3.2,3,xl,men,2025-05-27T10:03:54.053653
Outerwear 125,6998240.0,4.2,3,xxl,women,2025-05-27T10:03:54.053750
Jacket 126,4426080.0,3.9,3,s,unisex,2025-05-27T10:03:54.053841
Crewneck 127,8311680.0,4.0,3,m,men,2025-05-27T10:03:54.053937
T-shirt 128,4466720.0,3.8,3,l,women,2025-05-27T10:03:54.054030
Hoodie 129,2532480.0,4.5,3,xl,unisex,2025-05-27T10:03:54.054122
Pants 130,6603520.0,4.8,3,xxl,men,2025-05-27T10:03:54.054248
Jacket 132,6474880.0,4.2,3,m,unisex,2025-05-27T10:03:54.054442
Crewneck 133,2016320.0,4.7,3,l,men,2025-05-27T10:03:54.054535
T-shirt 134,5937440.0,3.2,3,xl,women,2025-05-27T10:03:54.054653
Hoodie 135,5141440.0,4.7,3,xxl,unisex,2025-05-27T10:03:54.054745
Outerwear 137,6988320.0,4.5,3,m,women,2025-05-27T10:03:54.054906
Jacket 138,4635520.0,3.4,3,l,unisex,2025-05-27T10:03:54.054998
Crewneck 139,8053120.0,4.5,3,xl,men,2025-05-27T10:03:54.055088
T-shirt 140,6811040.0,3.5,3,xxl,women,2025-05-27T10:03:54.055177
Pants 142,2325280.0,4.9,3,m,men,2025-05-27T10:03:54.352691
Outerwear 143,3346560.0,4.9,3,l,women,2025-05-27T10:03:54.352769
Jacket 144,5758240.0,4.3,3,xl,unisex,2025-05-27T10:03:54.352845
Crewneck 145,3472800.0,4.8,3,xxl,men,2025-05-27T10:03:54.352917
T-shirt 146,7688640.0,4.3,3,s,women,2025-05-27T10:03:54.352991
Hoodie 147,3052800.0,5.0,3,m,unisex,2025-05-27T10:03:54.353058
Pants 148,6033440.0,4.7,3,l,men,2025-05-27T10:03:54.353126
Outerwear 149,3105920.0,3.2,3,xl,women,2025-05-27T10:03:54.353191
Jacket 150,1500640.0,3.6,3,xxl,unisex,2025-05-27T10:03:54.353257
T-shirt 152,6288640.0,4.2,3,m,women,2025-05-27T10:03:54.353389
Hoodie 153,2660640.0,4.3,3,l,unisex,2025-05-27T10:03:54.353453
Pants 154,2337440.0,3.0,3,xl,men,2025-05-27T10:03:54.353516
Outerwear 155,3783200.0,4.1,3,xxl,women,2025-05-27T10:03:54.353582
Jacket 156,6645120.0,3.6,3,s,unisex,2025-05-27T10:03:54.353647
Crewneck 157,1105760.0,4.0,3,m,men,2025-05-27T10:03:54.353728
T-shirt 158,7321120.0,4.0,3,l,women,2025-05-27T10:03:54.353792
Hoodie 159,2371680.0,4.9,3,xl,unisex,2025-05-27T10:03:54.353856
Pants 160,2802880.0,3.4,3,xxl,men,2025-05-27T10:03:54.353921
Jacket 162,1543840.0,4.5,3,m,unisex,2025-05-27T10:03:54.673465
Crewneck 163,7861920.0,4.4,3,l,men,2025-05-27T10:03:54.673568
T-shirt 164,3512000.0,3.9,3,xl,women,2025-05-27T10:03:54.673668
Hoodie 165,6921280.0,4.9,3,xxl,unisex,2025-05-27T10:03:54.673764
Outerwear 167,3273760.0,3.1,3,m,women,2025-05-27T10:03:54.673922
Jacket 168,870400.0,4.4,3,l,unisex,2025-05-27T10:03:54.674011
Crewneck 169,8032800.0,4.7,3,xl,men,2025-05-27T10:03:54.674099
T-shirt 170,6677920.0,4.5,3,xxl,women,2025-05-27T10:03:54.674186
Pants 172,1566080.0,4.9,3,m,men,2025-05-27T10:03:54.674373
Outerwear 173,7034560.0,4.6,3,l,women,2025-05-27T10:03:54.674479
Jacket 174,6282240.0,3.3,3,xl,unisex,2025-05-27T10:03:54.674576
Crewneck 175,8125120.0,4.5,3,xxl,men,2025-05-27T10:03:54.674664
T-shirt 176,6104320.0,3.6,3,s,women,2025-05-27T10:03:54.674753
Hoodie 177,1890400.0,4.6,3,m,unisex,2025-05-27T10:03:54.674843
Pants 178,6184160.0,3.0,3,l,men,2025-05-27T10:03:54.674930
Outerwear 179,5816640.0,3.5,3,xl,women,2025-05-27T10:03:54.675012
Jacket 180,5552640.0,3.9,3,xxl,unisex,2025-05-27T10:03:54.675100
T-shirt 182,2334880.0,3.8,3,m,women,2025-05-27T10:03:55.051335
Hoodie 183,3904640.0,3.6,3,l,unisex,2025-05-27T10:03:55.051440
Pants 184,7759520.0,4.5,3,xl,men,2025-05-27T10:03:55.051536
Outerwear 185,7822880.0,3.2,3,xxl,women,2025-05-27T10:03:55.051633
Jacket 186,6940480.0,4.2,3,s,unisex,2025-05-27T10:03:55.051723
Crewneck 187,6663520.0,3.8,3,m,men,2025-05-27T10:03:55.051814
T-shirt 188,3927840.0,4.4,3,l,women,2025-05-27T10:03:55.051907
Hoodie 189,1946720.0,4.0,3,xl,unisex,2025-05-27T10:03:55.051998
Pants 190,2220960.0,4.5,3,xxl,men,2025-05-27T10:03:55.052090
Jacket 192,5066240.0,3.8,3,m,unisex,2025-05-27T10:03:55.052894
Crewneck 193,7355680.0,4.1,3,l,men,2025-05-27T10:03:55.053007
T-shirt 194,2818720.0,4.9,3,xl,women,2025-05-27T10:03:55.053140
Hoodie 195,7208960.0,4.9,3,xxl,unisex,2025-05-27T10:03:55.053238
Outerwear 197,5681600.0,4.9,3,m,women,2025-05-27T10:03:55.053778
Jacket 198,5435040.0,4.5,3,l,unisex,2025-05-27T10:03:55.053908
Crewneck 199,6744320.0,3.1,3,xl,men,2025-05-27T10:03:55.054035
T-shirt 200,6289920.0,3.5,3,xxl,women,2025-05-27T10:03:55.054139
Pants 202,5592480.0,3.3,3,m,men,2025-05-27T10:03:55.242128
Outerwear 203,2144000.0,3.4,3,l,women,2025-05-27T10:03:55.242226
Jacket 204,6031040.0,3.9,3,xl,unisex,2025-05-27T10:03:55.242340
Crewneck 205,6434880.0,3.2,3,xxl,men,2025-05-27T10:03:55.242457
T-shirt 206,4674720.0,4.5,3,s,women,2025-05-27T10:03:55.242553
Hoodie 207,6101440.0,3.5,3,m,unisex,2025-05-27T10:03:55.242642
Pants 208,4637600.0,3.1,3,l,men,2025-05-27T10:03:55.242733
Outerwear 209,7980640.0,4.3,3,xl,women,2025-05-27T10:03:55.242823
Jacket 210,7827360.0,4.7,3,xxl,unisex,2025-05-27T10:03:55.242911
T-shirt 212,8794880.0,4.7,3,m,women,2025-05-27T10:03:55.243084
Hoodie 213,5748000.0,3.6,3,l,unisex,2025-05-27T10:03:55.243170
Pants 214,4315680.0,4.9,3,xl,men,2025-05-27T10:03:55.243255
Outerwear 215,1449600.0,3.8,3,xxl,women,2025-05-27T10:03:55.243336
Jacket 216,4576480.0,4.6,3,s,unisex,2025-05-27T10:03:55.243424
Crewneck 217,5772960.0,4.8,3,m,men,2025-05-27T10:03:55.243532
T-shirt 218,5600320.0,3.1,3,l,women,2025-05-27T10:03:55.243620
Hoodie 219,5671040.0,4.6,3,xl,unisex,2025-05-27T10:03:55.243710
Pants 220,3357600.0,3.2,3,xxl,men,2025-05-27T10:03:55.243795
Jacket 222,7438080.0,3.4,3,m,unisex,2025-05-27T10:03:55.443431
Crewneck 223,952960.0,4.8,3,l,men,2025-05-27T10:03:55.443544
T-shirt 224,3534560.0,4.5,3,xl,women,2025-05-27T10:03:55.443647
Hoodie 225,5232800.0,3.5,3,xxl,unisex,2025-05-27T10:03:55.443767
Outerwear 227,6742560.0,4.8,3,m,women,2025-05-27T10:03:55.443936
Jacket 228,8076800.0,4.5,3,l,unisex,2025-05-27T10:03:55.444032
Crewneck 229,3101920.0,4.9,3,xl,men,2025-05-27T10:03:55.444130
T-shirt 230,7133280.0,4.5,3,xxl,women,2025-05-27T10:03:55.444223
Pants 232,8327360.000000001,4.0,3,m,men,2025-05-27T10:03:55.444433
Outerwear 233,847360.0,4.8,3,l,women,2025-05-27T10:03:55.444529
Jacket 234,1159200.0,4.5,3,xl,unisex,2025-05-27T10:03:55.444624
Crewneck 235,6560320.0,3.4,3,xxl,men,2025-05-27T10:03:55.444717
T-shirt 236,5492320.0,3.9,3,s,women,2025-05-27T10:03:55.444812
Hoodie 237,4743520.0,3.1,3,m,unisex,2025-05-27T10:03:55.444926
Pants 238,8301920.0,3.8,3,l,men,2025-05-27T10:03:55.445022
Outerwear 239,7934080.0,3.1,3,xl,women,2025-05-27T10:03:55.445121
Jacket 240,7600000.0,3.8,3,xxl,unisex,2025-05-27T10:03:55.445214
T-shirt 242,4833600.0,3.4,3,m,women,2025-05-27T10:03:55.632355
Hoodie 243,3371680.0,3.1,3,l,unisex,2025-05-27T10:03:55.632465
Pants 244,8116160.0,3.1,3,xl,men,2025-05-27T10:03:55.632566
Outerwear 245,1451680.0,4.0,3,xxl,women,2025-05-27T10:03:55.632659
Jacket 246,8735040.0,3.1,3,s,unisex,2025-05-27T10:03:55.632745
Crewneck 247,8769120.0,3.0,3,m,men,2025-05-27T10:03:55.632890
T-shirt 248,2280000.0,4.5,3,l,women,2025-05-27T10:03:55.632984
Hoodie 249,2149440.0,4.2,3,xl,unisex,2025-05-27T10:03:55.633072
Pants 250,4314240.0,3.1,3,xxl,men,2025-05-27T10:03:55.633161
Jacket 252,8408480.0,3.2,3,m,unisex,2025-05-27T10:03:55.633338
Crewneck 253,1854720.0,3.9,3,l,men,2025-05-27T10:03:55.633423
T-shirt 254,5984160.0,3.9,3,xl,women,2025-05-27T10:03:55.633510
Hoodie 255,3668000.0,4.1,3,xxl,unisex,2025-05-27T10:03:55.633594
Outerwear 257,7073120.0,5.0,3,m,women,2025-05-27T10:03:55.633738
Jacket 258,2080639.9999999998,4.7,3,l,unisex,2025-05-27T10:03:55.633828
Crewneck 259,2275520.0,3.3,3,xl,men,2025-05-27T10:03:55.633924
T-shirt 260,6271520.0,3.5,3,xxl,women,2025-05-27T10:03:55.634021
Pants 262,1097760.0,3.4,3,m,men,2025-05-27T10:03:55.839359
Outerwear 263,1878400.0,4.2,3,l,women,2025-05-27T10:03:55.839459
Jacket 264,2063040.0,4.8,3,xl,unisex,2025-05-27T10:03:55.839555
Crewneck 265,2483040.0,3.5,3,xxl,men,2025-05-27T10:03:55.839646
T-shirt 266,4842080.0,4.6,3,s,women,2025-05-27T10:03:55.839735
Hoodie 267,4086240.0,4.3,3,m,unisex,2025-05-27T10:03:55.839821
Pants 268,5005120.0,3.6,3,l,men,2025-05-27T10:03:55.839909
Outerwear 269,8073920.0,3.1,3,xl,women,2025-05-27T10:03:55.839992
Jacket 270,2569120.0,4.2,3,xxl,unisex,2025-05-27T10:03:55.840078
T-shirt 272,5811840.0,3.3,3,m,women,2025-05-27T10:03:55.840244
Hoodie 273,5291360.0,4.9,3,l,unisex,2025-05-27T10:03:55.840327
Pants 274,3669280.0,4.2,3,xl,men,2025-05-27T10:03:55.840409
Outerwear 275,5575360.0,4.8,3,xxl,women,2025-05-27T10:03:55.840611
Jacket 276,1013600.0,4.3,3,s,unisex,2025-05-27T10:03:55.840755
Crewneck 277,2383680.0,4.7,3,m,men,2025-05-27T10:03:55.840851
T-shirt 278,2087360.0000000002,3.8,3,l,women,2025-05-27T10:03:55.840943
Hoodie 279,5592320.0,4.7,3,xl,unisex,2025-05-27T10:03:55.841031
Pants 280,7501440.0,3.9,3,xxl,men,2025-05-27T10:03:55.841118
Jacket 282,2227040.0,3.0,3,m,unisex,2025-05-27T10:03:56.033792
Crewneck 283,6633120.0,3.2,3,l,men,2025-05-27T10:03:56.033897
T-shirt 284,6568000.0,3.6,3,xl,women,2025-05-27T10:03:56.034000
Hoodie 285,3009120.0,3.2,3,xxl,unisex,2025-05-27T10:03:56.034103
Outerwear 287,5273600.0,3.7,3,m,women,2025-05-27T10:03:56.034297
Jacket 288,3123040.0,4.1,3,l,unisex,2025-05-27T10:03:56.034397
Crewneck 289,888000.0,4.0,3,xl,men,2025-05-27T10:03:56.034530
T-shirt 290,6425120.0,4.2,3,xxl,women,2025-05-27T10:03:56.034626
Pants 292,2384480.0,3.9,3,m,men,2025-05-27T10:03:56.034813
Outerwear 293,1176160.0,4.5,3,l,women,2025-05-27T10:03:56.034906
Jacket 294,5947200.0,3.8,3,xl,unisex,2025-05-27T10:03:56.035000
Crewneck 295,7266720.0,4.9,3,xxl,men,2025-05-27T10:03:56.035091
T-shirt 296,1172160.0,3.1,3,s,women,2025-05-27T10:03:56.035181
Hoodie 297,7801120.0,3.6,3,m,unisex,2025-05-27T10:03:56.035267
Pants 298,2426080.0,4.8,3,l,men,2025-05-27T10:03:56.035393
Outerwear 299,1947840.0,4.3,3,xl,women,2025-05-27T10:03:56.035489
Jacket 300,6408480.0,4.0,3,xxl,unisex,2025-05-27T10:03:56.035584
T-shirt 302,5711200.0,3.2,3,m,women,2025-05-27T10:03:56.204977
Hoodie 303,7974560.0,4.1,3,l,unisex,2025-05-27T10:03:56.205184
Pants 304,7129760.0,3.4,3,xl,men,2025-05-27T10:03:56.205446
Outerwear 305,6325440.0,4.5,3,xxl,women,2025-05-27T10:03:56.205562
Jacket 306,7575040.0,4.2,3,s,unisex,2025-05-27T10:03:56.205665
Crewneck 307,7735200.0,3.7,3,m,men,2025-05-27T10:03:56.205760
T-shirt 308,4086080.0,4.1,3,l,women,2025-05-27T10:03:56.205857
Hoodie 309,3953120.0,4.8,3,xl,unisex,2025-05-27T10:03:56.205957
Pants 310,6329280.0,4.7,3,xxl,men,2025-05-27T10:03:56.206083
Jacket 312,7267040.0,3.8,3,m,unisex,2025-05-27T10:03:56.206435
Crewneck 313,1948320.0,3.1,3,l,men,2025-05-27T10:03:56.206537
T-shirt 314,6017120.0,3.2,3,xl,women,2025-05-27T10:03:56.206632
Hoodie 315,7022880.0,3.1,3,xxl,unisex,2025-05-27T10:03:56.206727
Outerwear 317,5259040.0,3.3,3,m,women,2025-05-27T10:03:56.206908
Jacket 318,5667200.0,3.7,3,l,unisex,2025-05-27T10:03:56.207011
Crewneck 319,3085920.0,3.3,3,xl,men,2025-05-27T10:03:56.207106
T-shirt 320,829440.0,3.3,3,xxl,women,2025-05-27T10:03:56.207225
Pants 322,7810400.0,3.2,3,m,men,2025-05-27T10:03:56.367636
Outerwear 323,8468000.0,3.1,3,l,women,2025-05-27T10:03:56.367739
Jacket 324,6082720.0,3.3,3,xl,unisex,2025-05-27T10:03:56.367838
Crewneck 325,3001760.0,3.4,3,xxl,men,2025-05-27T10:03:56.367931
T-shirt 326,4519360.0,4.9,3,s,women,2025-05-27T10:03:56.368160
Hoodie 327,6641440.0,4.4,3,m,unisex,2025-05-27T10:03:56.368252
Pants 328,5732960.0,4.5,3,l,men,2025-05-27T10:03:56.368343
Outerwear 329,6724160.0,4.7,3,xl,women,2025-05-27T10:03:56.368430
Jacket 330,1591200.0,4.3,3,xxl,unisex,2025-05-27T10:03:56.368545
T-shirt 332,2335680.0,3.4,3,m,women,2025-05-27T10:03:56.368725
Hoodie 333,1746080.0,4.8,3,l,unisex,2025-05-27T10:03:56.368812
Pants 334,2409440.0,3.8,3,xl,men,2025-05-27T10:03:56.368899
Outerwear 335,2826720.0,3.0,3,xxl,women,2025-05-27T10:03:56.368989
Jacket 336,6237760.0,5.0,3,s,unisex,2025-05-27T10:03:56.369078
Crewneck 337,8608800.0,4.3,3,m,men,2025-05-27T10:03:56.369167
T-shirt 338,2883360.0,3.9,3,l,women,2025-05-27T10:03:56.369251
Hoodie 339,4424800.0,4.9,3,xl,unisex,2025-05-27T10:03:56.369335
Pants 340,5975200.0,4.3,3,xxl,men,2025-05-27T10:03:56.369421
Jacket 342,1827680.0,4.8,3,m,unisex,2025-05-27T10:03:56.516665
Crewneck 343,2279040.0,4.1,3,l,men,2025-05-27T10:03:56.516772
T-shirt 344,3415680.0,4.5,3,xl,women,2025-05-27T10:03:56.516870
Hoodie 345,7577440.0,3.3,3,xxl,unisex,2025-05-27T10:03:56.516967
Outerwear 347,6986080.0,4.7,3,m,women,2025-05-27T10:03:56.517143
Jacket 348,3195040.0,4.6,3,l,unisex,2025-05-27T10:03:56.517225
Crewneck 349,6085600.0,3.5,3,xl,men,2025-05-27T10:03:56.517354
T-shirt 350,8047680.0,5.0,3,xxl,women,2025-05-27T10:03:56.517438
Pants 352,2838880.0,4.0,3,m,men,2025-05-27T10:03:56.517655
Outerwear 353,961600.0,3.6,3,l,women,2025-05-27T10:03:56.517735
Jacket 354,2294720.0,3.8,3,xl,unisex,2025-05-27T10:03:56.517811
Crewneck 355,4246560.0,3.2,3,xxl,men,2025-05-27T10:03:56.517888
T-shirt 356,7150080.0,4.3,3,s,women,2025-05-27T10:03:56.517964
Hoodie 357,3739360.0,3.6,3,m,unisex,2025-05-27T10:03:56.518039
Pants 358,8479520.0,3.9,3,l,men,2025-05-27T10:03:56.518117
Outerwear 359,1696480.0,4.3,3,xl,women,2025-05-27T10:03:56.518185
Jacket 360,8788320.0,4.8,3,xxl,unisex,2025-05-27T10:03:56.518413
T-shirt 362,4776800.0,5.0,3,m,women,2025-05-27T10:03:56.699561
Hoodie 363,1171360.0,3.2,3,l,unisex,2025-05-27T10:03:56.699652
Pants 364,4972800.0,4.8,3,xl,men,2025-05-27T10:03:56.699737
Outerwear 365,6956480.0,4.5,3,xxl,women,2025-05-27T10:03:56.699820
Jacket 366,5854880.0,4.9,3,s,unisex,2025-05-27T10:03:56.699908
Crewneck 367,8359360.000000001,4.9,3,m,men,2025-05-27T10:03:56.699988
T-shirt 368,965120.0,3.2,3,l,women,2025-05-27T10:03:56.700086
Hoodie 369,7204960.0,4.7,3,xl,unisex,2025-05-27T10:03:56.700172
Pants 370,4559680.0,3.6,3,xxl,men,2025-05-27T10:03:56.700269
Jacket 372,5052960.0,3.6,3,m,unisex,2025-05-27T10:03:56.700438
Crewneck 373,2231040.0,3.6,3,l,men,2025-05-27T10:03:56.700517
T-shirt 374,7697120.0,3.9,3,xl,women,2025-05-27T10:03:56.700599
Hoodie 375,7027520.0,3.9,3,xxl,unisex,2025-05-27T10:03:56.700680
Outerwear 377,6802080.0,4.8,3,m,women,2025-05-27T10:03:56.700819
Jacket 378,3402400.0,3.6,3,l,unisex,2025-05-27T10:03:56.700897
Crewneck 379,3963200.0,4.4,3,xl,men,2025-05-27T10:03:56.700973
T-shirt 380,2547040.0,3.8,3,xxl,women,2025-05-27T10:03:56.701063
Pants 382,1356160.0,4.4,3,m,men,2025-05-27T10:03:56.868581
Outerwear 383,3431040.0,3.4,3,l,women,2025-05-27T10:03:56.868677
Jacket 384,1452960.0,3.3,3,xl,unisex,2025-05-27T10:03:56.868767
Crewneck 385,7950720.0,4.9,3,xxl,men,2025-05-27T10:03:56.868853
T-shirt 386,4793600.0,4.6,3,s,women,2025-05-27T10:03:56.868943
Hoodie 387,8418080.0,4.2,3,m,unisex,2025-05-27T10:03:56.869027
Pants 388,931200.0,3.1,3,l,men,2025-05-27T10:03:56.869115
Outerwear 389,2883200.0,5.0,3,xl,women,2025-05-27T10:03:56.869198
Jacket 390,5432960.0,3.3,3,xxl,unisex,2025-05-27T10:03:56.869280
T-shirt 392,1226080.0,4.4,3,m,women,2025-05-27T10:03:56.869442
Hoodie 393,4068480.0,3.2,3,l,unisex,2025-05-27T10:03:56.869524
Pants 394,3540000.0,3.3,3,xl,men,2025-05-27T10:03:56.869607
Outerwear 395,3098720.0,4.0,3,xxl,women,2025-05-27T10:03:56.869687
Jacket 396,2505280.0,3.9,3,s,unisex,2025-05-27T10:03:56.869767
Crewneck 397,855360.0,3.6,3,m,men,2025-05-27T10:03:56.869863
T-shirt 398,4592800.0,4.7,3,l,women,2025-05-27T10:03:56.869949
Hoodie 399,2523520.0,3.6,3,xl,unisex,2025-05-27T10:03:56.870036
Pants 400,6020640.0,4.7,3,xxl,men,2025-05-27T10:03:56.870147
Jacket 402,2029120.0,4.6,3,m,unisex,2025-05-27T10:03:57.048132
Crewneck 403,1580320.0,4.1,3,l,men,2025-05-27T10:03:57.048231
T-shirt 404,3501120.0,4.9,3,xl,women,2025-05-27T10:03:57.048316
Hoodie 405,5080160.0,3.8,3,xxl,unisex,2025-05-27T10:03:57.048489
Outerwear 407,2761280.0,3.7,3,m,women,2025-05-27T10:03:57.048703
Jacket 408,4176000.0,4.9,3,l,unisex,2025-05-27T10:03:57.048790
Crewneck 409,3221760.0,3.5,3,xl,men,2025-05-27T10:03:57.048873
T-shirt 410,1586720.0,3.1,3,xxl,women,2025-05-27T10:03:57.048953
Pants 412,5438240.0,4.4,3,m,men,2025-05-27T10:03:57.049109
Outerwear 413,1306400.0,3.4,3,l,women,2025-05-27T10:03:57.049184
Jacket 414,2234720.0,3.7,3,xl,unisex,2025-05-27T10:03:57.049259
Crewneck 415,3617440.0,3.1,3,xxl,men,2025-05-27T10:03:57.049329
T-shirt 416,4454080.0,3.1,3,s,women,2025-05-27T10:03:57.049403
Hoodie 417,2769440.0,4.6,3,m,unisex,2025-05-27T10:03:57.049472
Pants 418,6307840.0,5.0,3,l,men,2025-05-27T10:03:57.049540
Outerwear 419,7004000.0,5.0,3,xl,women,2025-05-27T10:03:57.049607
Jacket 420,2472640.0,3.1,3,xxl,unisex,2025-05-27T10:03:57.049675
T-shirt 422,924320.0,3.9,3,m,women,2025-05-27T10:03:57.220110
Hoodie 423,4601760.0,3.7,3,l,unisex,2025-05-27T10:03:57.220217
Pants 424,3865760.0,4.4,3,xl,men,2025-05-27T10:03:57.220308
Outerwear 425,2528480.0,4.8,3,xxl,women,2025-05-27T10:03:57.220392
Jacket 426,3462400.0,3.4,3,s,unisex,2025-05-27T10:03:57.220473
Crewneck 427,6375200.0,3.3,3,m,men,2025-05-27T10:03:57.220554
T-shirt 428,7053120.0,4.9,3,l,women,2025-05-27T10:03:57.220631
Hoodie 429,1658560.0,4.9,3,xl,unisex,2025-05-27T10:03:57.220708
Pants 430,1442080.0,3.9,3,xxl,men,2025-05-27T10:03:57.220787
Jacket 432,2151840.0,4.5,3,m,unisex,2025-05-27T10:03:57.220943
Crewneck 433,3872480.0,4.2,3,l,men,2025-05-27T10:03:57.221019
T-shirt 434,6557120.0,4.9,3,xl,women,2025-05-27T10:03:57.221095
Hoodie 435,1015680.0,4.0,3,xxl,unisex,2025-05-27T10:03:57.221187
Outerwear 437,1016800.0,3.9,3,m,women,2025-05-27T10:03:57.221322
Jacket 438,2453120.0,4.5,3,l,unisex,2025-05-27T10:03:57.221400
Crewneck 439,4005440.0,3.2,3,xl,men,2025-05-27T10:03:57.221478
T-shirt 440,5326080.0,3.0,3,xxl,women,2025-05-27T10:03:57.221554
Pants 442,4701600.0,4.3,3,m,men,2025-05-27T10:03:57.374212
Outerwear 443,7262720.0,4.2,3,l,women,2025-05-27T10:03:57.374307
Jacket 444,4016960.0,3.3,3,xl,unisex,2025-05-27T10:03:57.374397
Crewneck 445,3574240.0,4.5,3,xxl,men,2025-05-27T10:03:57.374484
T-shirt 446,7740160.0,3.2,3,s,women,2025-05-27T10:03:57.374586
Hoodie 447,4748640.0,4.0,3,m,unisex,2025-05-27T10:03:57.374672
Pants 448,820160.0,4.4,3,l,men,2025-05-27T10:03:57.374757
Outerwear 449,6410080.0,4.0,3,xl,women,2025-05-27T10:03:57.374844
Jacket 450,8754880.0,3.1,3,xxl,unisex,2025-05-27T10:03:57.374927
T-shirt 452,6892800.0,4.4,3,m,women,2025-05-27T10:03:57.375112
Hoodie 453,6576960.0,4.2,3,l,unisex,2025-05-27T10:03:57.375197
Pants 454,2179520.0,5.0,3,xl,men,2025-05-27T10:03:57.375279
Outerwear 455,1094080.0,4.8,3,xxl,women,2025-05-27T10:03:57.375357
Jacket 456,8096000.0,4.1,3,s,unisex,2025-05-27T10:03:57.375437
Crewneck 457,7342880.0,4.8,3,m,men,2025-05-27T10:03:57.375515
T-shirt 458,4240000.0,4.4,3,l,women,2025-05-27T10:03:57.375621
Hoodie 459,3237280.0,3.5,3,xl,unisex,2025-05-27T10:03:57.375778
Pants 460,1880800.0,3.6,3,xxl,men,2025-05-27T10:03:57.375869
Jacket 462,6767840.0,4.5,3,m,unisex,2025-05-27T10:03:57.532927
Crewneck 463,7539520.0,4.5,3,l,men,2025-05-27T10:03:57.533018
T-shirt 464,6070080.0,4.5,3,xl,women,2025-05-27T10:03:57.533131
Hoodie 465,6164320.0,4.7,3,xxl,unisex,2025-05-27T10:03:57.533220
Outerwear 467,1325920.0,3.5,3,m,women,2025-05-27T10:03:57.533361
Jacket 468,4584960.0,3.7,3,l,unisex,2025-05-27T10:03:57.533445
Crewneck 469,1738880.0,4.2,3,xl,men,2025-05-27T10:03:57.533528
T-shirt 470,7738880.0,3.1,3,xxl,women,2025-05-27T10:03:57.533607
Pants 472,3902080.0,3.1,3,m,men,2025-05-27T10:03:57.533774
Outerwear 473,5478080.0,4.2,3,l,women,2025-05-27T10:03:57.533855
Jacket 474,5864960.0,4.7,3,xl,unisex,2025-05-27T10:03:57.533939
Crewneck 475,7017280.0,4.6,3,xxl,men,2025-05-27T10:03:57.534024
T-shirt 476,3986240.0,4.3,3,s,women,2025-05-27T10:03:57.534125
Hoodie 477,6626080.0,4.2,3,m,unisex,2025-05-27T10:03:57.534211
Pants 478,4912000.0,3.8,3,l,men,2025-05-27T10:03:57.534297
Outerwear 479,7302400.0,4.4,3,xl,women,2025-05-27T10:03:57.534379
Jacket 480,4986240.0,4.2,3,xxl,unisex,2025-05-27T10:03:57.534461
T-shirt 482,3352480.0,4.8,3,m,women,2025-05-27T10:03:57.804364
Hoodie 483,4035040.0,4.2,3,l,unisex,2025-05-27T10:03:57.804437
Pants 484,6428640.0,4.1,3,xl,men,2025-05-27T10:03:57.804507
Outerwear 485,4044480.0,4.7,3,xxl,women,2025-05-27T10:03:57.804575
Jacket 486,2573760.0,3.0,3,s,unisex,2025-05-27T10:03:57.804642
Crewneck 487,6955520.0,3.7,3,m,men,2025-05-27T10:03:57.804706
T-shirt 488,8789760.0,3.8,3,l,women,2025-05-27T10:03:57.804771
Hoodie 489,3554560.0,5.0,3,xl,unisex,2025-05-27T10:03:57.804834
Pants 490,7081600.0,3.1,3,xxl,men,2025-05-27T10:03:57.804899
Jacket 492,6011840.0,3.0,3,m,unisex,2025-05-27T10:03:57.805137
Crewneck 493,5071520.0,4.8,3,l,men,2025-05-27T10:03:57.805209
T-shirt 494,1390080.0,3.4,3,xl,women,2025-05-27T10:03:57.805276
Hoodie 495,1663200.0,4.5,3,xxl,unisex,2025-05-27T10:03:57.805343
Outerwear 497,3957760.0,4.4,3,m,women,2025-05-27T10:03:57.805453
Jacket 498,4412800.0,4.6,3,l,unisex,2025-05-27T10:03:57.805517
Crewneck 499,7825920.0,4.1,3,xl,men,2025-05-27T10:03:57.805581
T-shirt 500,8114400.0,4.2,3,xxl,women,2025-05-27T10:03:57.805707
Pants 502,7132480.0,4.4,3,m,men,2025-05-27T10:03:58.027594
Outerwear 503,4924480.0,4.8,3,l,women,2025-05-27T10:03:58.027702
Jacket 504,8024480.0,5.0,3,xl,unisex,2025-05-27T10:03:58.027822
Crewneck 505,8747680.0,4.3,3,xxl,men,2025-05-27T10:03:58.027950
T-shirt 506,8572000.0,3.6,3,s,women,2025-05-27T10:03:58.028068
Hoodie 507,6844000.0,4.7,3,m,unisex,2025-05-27T10:03:58.028167
Pants 508,7766080.0,3.5,3,l,men,2025-05-27T10:03:58.028265
Outerwear 509,7178400.0,3.1,3,xl,women,2025-05-27T10:03:58.028356
Jacket 510,1562080.0,3.4,3,xxl,unisex,2025-05-27T10:03:58.028453
T-shirt 512,4319680.0,3.7,3,m,women,2025-05-27T10:03:58.028665
Hoodie 513,1693760.0,4.4,3,l,unisex,2025-05-27T10:03:58.028767
Pants 514,6888960.0,3.9,3,xl,men,2025-05-27T10:03:58.028870
Outerwear 515,7262560.0,3.1,3,xxl,women,2025-05-27T10:03:58.028985
Jacket 516,7130720.0,3.4,3,s,unisex,2025-05-27T10:03:58.029092
Crewneck 517,1069280.0,3.5,3,m,men,2025-05-27T10:03:58.029195
T-shirt 518,2575680.0,4.1,3,l,women,2025-05-27T10:03:58.029294
Hoodie 519,2236160.0,4.5,3,xl,unisex,2025-05-27T10:03:58.029421
Pants 520,2308320.0,3.8,3,xxl,men,2025-05-27T10:03:58.029532
Jacket 522,6292960.0,4.0,3,m,unisex,2025-05-27T10:03:58.250908
Crewneck 523,3626720.0,4.6,3,l,men,2025-05-27T10:03:58.251006
T-shirt 524,936000.0,3.8,3,xl,women,2025-05-27T10:03:58.251104
Hoodie 525,7919040.0,3.6,3,xxl,unisex,2025-05-27T10:03:58.251196
Outerwear 527,4669280.0,3.6,3,m,women,2025-05-27T10:03:58.251354
Jacket 528,5595840.0,4.0,3,l,unisex,2025-05-27T10:03:58.251443
Crewneck 529,1420160.0,3.2,3,xl,men,2025-05-27T10:03:58.251551
T-shirt 530,6173760.0,3.3,3,xxl,women,2025-05-27T10:03:58.251641
Pants 532,8391200.0,4.1,3,m,men,2025-05-27T10:03:58.251818
Outerwear 533,3370240.0,4.2,3,l,women,2025-05-27T10:03:58.251905
Jacket 534,3479200.0,3.7,3,xl,unisex,2025-05-27T10:03:58.251992
Crewneck 535,3901280.0,3.7,3,xxl,men,2025-05-27T10:03:58.252077
T-shirt 536,5092480.0,3.0,3,s,women,2025-05-27T10:03:58.252157
Hoodie 537,8671840.0,3.1,3,m,unisex,2025-05-27T10:03:58.252243
Pants 538,6134240.0,3.4,3,l,men,2025-05-27T10:03:58.252409
Outerwear 539,4692640.0,4.7,3,xl,women,2025-05-27T10:03:58.252498
Jacket 540,7051840.0,4.4,3,xxl,unisex,2025-05-27T10:03:58.252609
T-shirt 542,4761440.0,3.5,3,m,women,2025-05-27T10:03:58.425386
Hoodie 543,8715680.0,4.7,3,l,unisex,2025-05-27T10:03:58.425479
Pants 544,5957760.0,3.1,3,xl,men,2025-05-27T10:03:58.425572
Outerwear 545,3579360.0,4.0,3,xxl,women,2025-05-27T10:03:58.425660
Jacket 546,6271520.0,3.3,3,s,unisex,2025-05-27T10:03:58.425755
Crewneck 547,5361120.0,3.9,3,m,men,2025-05-27T10:03:58.425853
T-shirt 548,2686240.0,4.6,3,l,women,2025-05-27T10:03:58.425935
Hoodie 549,2687200.0,3.7,3,xl,unisex,2025-05-27T10:03:58.426017
Pants 550,4450080.0,4.9,3,xxl,men,2025-05-27T10:03:58.426102
Jacket 552,5380320.0,4.1,3,m,unisex,2025-05-27T10:03:58.426289
Crewneck 553,7760800.0,3.8,3,l,men,2025-05-27T10:03:58.426720
T-shirt 554,4001120.0,4.5,3,xl,women,2025-05-27T10:03:58.426883
Hoodie 555,1809600.0,3.0,3,xxl,unisex,2025-05-27T10:03:58.426982
Outerwear 557,5460480.0,3.4,3,m,women,2025-05-27T10:03:58.427155
Jacket 558,5007040.0,4.0,3,l,unisex,2025-05-27T10:03:58.427247
Crewneck 559,1590880.0,3.5,3,xl,men,2025-05-27T10:03:58.427350
T-shirt 560,6885280.0,4.2,3,xxl,women,2025-05-27T10:03:58.427436
Pants 562,3724160.0,4.5,3,m,men,2025-05-27T10:03:58.604042
Outerwear 563,8197440.000000001,4.7,3,l,women,2025-05-27T10:03:58.604155
Jacket 564,8319200.000000001,4.3,3,xl,unisex,2025-05-27T10:03:58.604256
Crewneck 565,7635200.0,3.5,3,xxl,men,2025-05-27T10:03:58.604355
T-shirt 566,2611360.0,4.6,3,s,women,2025-05-27T10:03:58.604450
Hoodie 567,4576160.0,3.2,3,m,unisex,2025-05-27T10:03:58.604550
Pants 568,2984160.0,3.3,3,l,men,2025-05-27T10:03:58.604643
Outerwear 569,4966880.0,4.7,3,xl,women,2025-05-27T10:03:58.604735
Jacket 570,4000960.0,3.9,3,xxl,unisex,2025-05-27T10:03:58.604829
T-shirt 572,4756320.0,3.2,3,m,women,2025-05-27T10:03:58.605013
Hoodie 573,6954080.0,4.5,3,l,unisex,2025-05-27T10:03:58.605105
Pants 574,2424000.0,3.8,3,xl,men,2025-05-27T10:03:58.605197
Outerwear 575,3517760.0,3.4,3,xxl,women,2025-05-27T10:03:58.605287
Jacket 576,805600.0,3.5,3,s,unisex,2025-05-27T10:03:58.605379
Crewneck 577,7873920.0,3.3,3,m,men,2025-05-27T10:03:58.605486
T-shirt 578,7958880.0,4.1,3,l,women,2025-05-27T10:03:58.605581
Hoodie 579,4428640.0,4.4,3,xl,unisex,2025-05-27T10:03:58.605671
Pants 580,2625440.0,3.3,3,xxl,men,2025-05-27T10:03:58.605773
Jacket 582,4112160.0,4.1,3,m,unisex,2025-05-27T10:03:58.782342
Crewneck 583,5737760.0,4.5,3,l,men,2025-05-27T10:03:58.782469
T-shirt 584,6964960.0,4.8,3,xl,women,2025-05-27T10:03:58.782591
Hoodie 585,6186880.0,4.9,3,xxl,unisex,2025-05-27T10:03:58.782735
Outerwear 587,4424960.0,4.4,3,m,women,2025-05-27T10:03:58.782915
Jacket 588,4963040.0,4.7,3,l,unisex,2025-05-27T10:03:58.783014
Crewneck 589,931840.0,4.7,3,xl,men,2025-05-27T10:03:58.783112
T-shirt 590,6457120.0,3.9,3,xxl,women,2025-05-27T10:03:58.783203
Pants 592,6805440.0,4.3,3,m,men,2025-05-27T10:03:58.783395
Outerwear 593,7163840.0,3.9,3,l,women,2025-05-27T10:03:58.783490
Jacket 594,8707680.0,4.2,3,xl,unisex,2025-05-27T10:03:58.783599
Crewneck 595,3723840.0,3.5,3,xxl,men,2025-05-27T10:03:58.783695
T-shirt 596,8290400.0,4.4,3,s,women,2025-05-27T10:03:58.783785
Hoodie 597,7969440.0,3.3,3,m,unisex,2025-05-27T10:03:58.783894
Pants 598,4714080.0,4.1,3,l,men,2025-05-27T10:03:58.783985
Outerwear 599,1179040.0,3.3,3,xl,women,2025-05-27T10:03:58.784074
Jacket 600,6414080.0,3.0,3,xxl,unisex,2025-05-27T10:03:58.784159
T-shirt 602,2260960.0,4.4,3,m,women,2025-05-27T10:03:58.977782
Hoodie 603,7511520.0,3.1,3,l,unisex,2025-05-27T10:03:58.977874
Pants 604,7662240.0,4.3,3,xl,men,2025-05-27T10:03:58.977958
Outerwear 605,1710720.0,3.7,3,xxl,women,2025-05-27T10:03:58.978040
Jacket 606,5770720.0,4.6,3,s,unisex,2025-05-27T10:03:58.978127
Crewneck 607,3857600.0,3.1,3,m,men,2025-05-27T10:03:58.978200
T-shirt 608,7047840.0,4.6,3,l,women,2025-05-27T10:03:58.978277
Hoodie 609,2956320.0,4.1,3,xl,unisex,2025-05-27T10:03:58.978360
Pants 610,4515360.0,3.3,3,xxl,men,2025-05-27T10:03:58.978442
Jacket 612,3202720.0,3.1,3,m,unisex,2025-05-27T10:03:58.978596
Crewneck 613,1013920.0,3.6,3,l,men,2025-05-27T10:03:58.978676
T-shirt 614,2428160.0,3.1,3,xl,women,2025-05-27T10:03:58.978776
Hoodie 615,4798720.0,4.8,3,xxl,unisex,2025-05-27T10:03:58.978871
Outerwear 617,1765920.0,4.3,3,m,women,2025-05-27T10:03:58.979005
Jacket 618,6474080.0,3.3,3,l,unisex,2025-05-27T10:03:58.979080
Crewneck 619,8340639.999999999,4.4,3,xl,men,2025-05-27T10:03:58.979156
T-shirt 620,2270240.0,3.3,3,xxl,women,2025-05-27T10:03:58.979234
Pants 622,4849600.0,3.5,3,m,men,2025-05-27T10:03:59.171341
Outerwear 623,7299520.0,4.6,3,l,women,2025-05-27T10:03:59.171434
Jacket 624,6943200.0,3.9,3,xl,unisex,2025-05-27T10:03:59.171524
Crewneck 625,7826400.0,4.1,3,xxl,men,2025-05-27T10:03:59.171608
T-shirt 626,7777440.0,4.5,3,s,women,2025-05-27T10:03:59.171691
Hoodie 627,1232320.0,3.2,3,m,unisex,2025-05-27T10:03:59.171771
Pants 628,8113120.0,4.3,3,l,men,2025-05-27T10:03:59.171886
Outerwear 629,3997920.0,4.4,3,xl,women,2025-05-27T10:03:59.171971
Jacket 630,1003680.0,3.8,3,xxl,unisex,2025-05-27T10:03:59.172056
T-shirt 632,4314240.0,3.6,3,m,women,2025-05-27T10:03:59.172220
Hoodie 633,3128000.0,3.1,3,l,unisex,2025-05-27T10:03:59.172302
Pants 634,8535680.0,3.9,3,xl,men,2025-05-27T10:03:59.172382
Outerwear 635,6897120.0,4.1,3,xxl,women,2025-05-27T10:03:59.172465
Jacket 636,3476320.0,4.5,3,s,unisex,2025-05-27T10:03:59.172551
Crewneck 637,6030240.0,4.0,3,m,men,2025-05-27T10:03:59.172632
T-shirt 638,5220960.0,4.6,3,l,women,2025-05-27T10:03:59.172715
Hoodie 639,6782720.0,4.7,3,xl,unisex,2025-05-27T10:03:59.172795
Pants 640,3038560.0,3.8,3,xxl,men,2025-05-27T10:03:59.172889
Jacket 642,7747360.0,4.7,3,m,unisex,2025-05-27T10:03:59.366462
Crewneck 643,6116000.0,3.2,3,l,men,2025-05-27T10:03:59.366563
T-shirt 644,7479360.0,4.2,3,xl,women,2025-05-27T10:03:59.366658
Hoodie 645,3285440.0,3.3,3,xxl,unisex,2025-05-27T10:03:59.366748
Outerwear 647,4304960.0,3.8,3,m,women,2025-05-27T10:03:59.366926
Jacket 648,8699520.0,4.5,3,l,unisex,2025-05-27T10:03:59.367024
Crewneck 649,8588160.0,3.2,3,xl,men,2025-05-27T10:03:59.367122
T-shirt 650,8012800.0,3.4,3,xxl,women,2025-05-27T10:03:59.367270
Pants 652,6084960.0,3.3,3,m,men,2025-05-27T10:03:59.367469
Outerwear 653,2622080.0,4.0,3,l,women,2025-05-27T10:03:59.367566
Jacket 654,4089440.0,4.7,3,xl,unisex,2025-05-27T10:03:59.367662
Crewneck 655,1834240.0,4.1,3,xxl,men,2025-05-27T10:03:59.367755
T-shirt 656,2538720.0,4.2,3,s,women,2025-05-27T10:03:59.367849
Hoodie 657,8459040.0,4.8,3,m,unisex,2025-05-27T10:03:59.367997
Pants 658,6268320.0,3.8,3,l,men,2025-05-27T10:03:59.368120
Outerwear 659,1817920.0,3.3,3,xl,women,2025-05-27T10:03:59.368218
Jacket 660,8715200.0,3.5,3,xxl,unisex,2025-05-27T10:03:59.368333
T-shirt 662,1422720.0,4.5,3,m,women,2025-05-27T10:03:59.534144
Hoodie 663,7087200.0,4.0,3,l,unisex,2025-05-27T10:03:59.534212
Pants 664,8248639.999999999,3.5,3,xl,men,2025-05-27T10:03:59.534279
Outerwear 665,4033600.0,3.2,3,xxl,women,2025-05-27T10:03:59.534351
Jacket 666,4844000.0,3.9,3,s,unisex,2025-05-27T10:03:59.534443
Crewneck 667,1756640.0,3.7,3,m,men,2025-05-27T10:03:59.534507
T-shirt 668,5044640.0,3.7,3,l,women,2025-05-27T10:03:59.534566
Hoodie 669,2346080.0,3.3,3,xl,unisex,2025-05-27T10:03:59.534624
Pants 670,8406720.0,4.8,3,xxl,men,2025-05-27T10:03:59.534684
Jacket 672,4776160.0,4.5,3,m,unisex,2025-05-27T10:03:59.534812
Crewneck 673,2803360.0,4.7,3,l,men,2025-05-27T10:03:59.534877
T-shirt 674,3156640.0,3.1,3,xl,women,2025-05-27T10:03:59.534935
Hoodie 675,4314880.0,3.2,3,xxl,unisex,2025-05-27T10:03:59.534996
Outerwear 677,4657440.0,3.3,3,m,women,2025-05-27T10:03:59.535107
Jacket 678,2777120.0,4.3,3,l,unisex,2025-05-27T10:03:59.535171
Crewneck 679,6373120.0,3.2,3,xl,men,2025-05-27T10:03:59.535231
T-shirt 680,8164800.0,3.2,3,xxl,women,2025-05-27T10:03:59.535290
Pants 682,7616480.0,3.9,3,m,men,2025-05-27T10:03:59.947057
Outerwear 683,3907360.0,3.6,3,l,women,2025-05-27T10:03:59.947125
Jacket 684,7102560.0,3.5,3,xl,unisex,2025-05-27T10:03:59.947203
Crewneck 685,1495840.0,4.6,3,xxl,men,2025-05-27T10:03:59.947270
T-shirt 686,5381760.0,3.8,3,s,women,2025-05-27T10:03:59.947331
Hoodie 687,4220800.0,4.7,3,m,unisex,2025-05-27T10:03:59.947393
Pants 688,1487520.0,4.4,3,l,men,2025-05-27T10:03:59.947453
Outerwear 689,1939040.0,4.6,3,xl,women,2025-05-27T10:03:59.947516
Jacket 690,8782560.0,4.7,3,xxl,unisex,2025-05-27T10:03:59.947580
T-shirt 692,1416480.0,4.1,3,m,women,2025-05-27T10:03:59.947701
Hoodie 693,3031680.0,4.1,3,l,unisex,2025-05-27T10:03:59.947763
Pants 694,2466720.0,3.4,3,xl,men,2025-05-27T10:03:59.947821
Outerwear 695,959360.0,3.3,3,xxl,women,2025-05-27T10:03:59.947879
Jacket 696,5146240.0,4.2,3,s,unisex,2025-05-27T10:03:59.947952
Crewneck 697,6545120.0,5.0,3,m,men,2025-05-27T10:03:59.948021
T-shirt 698,2444960.0,4.1,3,l,women,2025-05-27T10:03:59.948091
Hoodie 699,5250240.0,4.5,3,xl,unisex,2025-05-27T10:03:59.948154
Pants 700,3526560.0,4.3,3,xxl,men,2025-05-27T10:03:59.948212
Jacket 702,4927680.0,4.3,3,m,unisex,2025-05-27T10:04:00.074331
Crewneck 703,2949120.0,4.2,3,l,men,2025-05-27T10:04:00.074434
T-shirt 704,6214240.0,4.1,3,xl,women,2025-05-27T10:04:00.074555
Hoodie 705,3042880.0,3.1,3,xxl,unisex,2025-05-27T10:04:00.074664
Outerwear 707,7746240.0,4.4,3,m,women,2025-05-27T10:04:00.074825
Jacket 708,8541280.0,4.3,3,l,unisex,2025-05-27T10:04:00.074918
Crewneck 709,7022400.0,3.9,3,xl,men,2025-05-27T10:04:00.075009
T-shirt 710,3751520.0,3.2,3,xxl,women,2025-05-27T10:04:00.075102
Pants 712,1510400.0,4.1,3,m,men,2025-05-27T10:04:00.075328
Outerwear 713,3142880.0,4.4,3,l,women,2025-05-27T10:04:00.075430
Jacket 714,892320.0,3.1,3,xl,unisex,2025-05-27T10:04:00.075532
Crewneck 715,7021760.0,3.9,3,xxl,men,2025-05-27T10:04:00.075632
T-shirt 716,3602560.0,4.9,3,s,women,2025-05-27T10:04:00.075727
Hoodie 717,1532800.0,3.6,3,m,unisex,2025-05-27T10:04:00.075824
Pants 718,4057120.0,3.2,3,l,men,2025-05-27T10:04:00.075919
Outerwear 719,3172960.0,4.7,3,xl,women,2025-05-27T10:04:00.076051
Jacket 720,2028320.0,3.8,3,xxl,unisex,2025-05-27T10:04:00.076151
T-shirt 722,8724320.0,3.2,3,m,women,2025-05-27T10:04:00.226393
Hoodie 723,5664800.0,3.4,3,l,unisex,2025-05-27T10:04:00.226500
Pants 724,4824800.0,4.7,3,xl,men,2025-05-27T10:04:00.226589
Outerwear 725,4979200.0,3.0,3,xxl,women,2025-05-27T10:04:00.226671
Jacket 726,6345920.0,3.5,3,s,unisex,2025-05-27T10:04:00.226766
Crewneck 727,4024000.0,4.8,3,m,men,2025-05-27T10:04:00.226850
T-shirt 728,8173440.0,3.0,3,l,women,2025-05-27T10:04:00.226928
Hoodie 729,6431360.0,3.6,3,xl,unisex,2025-05-27T10:04:00.227015
Pants 730,7228800.0,4.5,3,xxl,men,2025-05-27T10:04:00.227114
Jacket 732,6597600.0,3.9,3,m,unisex,2025-05-27T10:04:00.227315
Crewneck 733,1162880.0,4.7,3,l,men,2025-05-27T10:04:00.227415
T-shirt 734,6858560.0,4.2,3,xl,women,2025-05-27T10:04:00.227536
Hoodie 735,4664320.0,4.0,3,xxl,unisex,2025-05-27T10:04:00.227639
Outerwear 737,1015680.0,4.7,3,m,women,2025-05-27T10:04:00.227809
Jacket 738,1893920.0,3.7,3,l,unisex,2025-05-27T10:04:00.227905
Crewneck 739,8072960.0,3.3,3,xl,men,2025-05-27T10:04:00.228002
T-shirt 740,7016640.0,3.4,3,xxl,women,2025-05-27T10:04:00.228101
Pants 742,5626080.0,3.6,3,m,men,2025-05-27T10:04:00.433141
Outerwear 743,5678080.0,3.0,3,l,women,2025-05-27T10:04:00.433227
Jacket 744,5175680.0,4.1,3,xl,unisex,2025-05-27T10:04:00.433311
Crewneck 745,2882560.0,3.8,3,xxl,men,2025-05-27T10:04:00.433398
T-shirt 746,1517440.0,5.0,3,s,women,2025-05-27T10:04:00.433497
Hoodie 747,6326880.0,4.7,3,m,unisex,2025-05-27T10:04:00.433580
Pants 748,3134080.0,3.7,3,l,men,2025-05-27T10:04:00.433660
Outerwear 749,2627360.0,3.2,3,xl,women,2025-05-27T10:04:00.433737
Jacket 750,1030400.0000000001,3.7,3,xxl,unisex,2025-05-27T10:04:00.433834
T-shirt 752,7431520.0,3.8,3,m,women,2025-05-27T10:04:00.433990
Hoodie 753,8137600.0,4.8,3,l,unisex,2025-05-27T10:04:00.434063
Pants 754,7229760.0,3.1,3,xl,men,2025-05-27T10:04:00.434135
Outerwear 755,6910400.0,4.6,3,xxl,women,2025-05-27T10:04:00.434206
Jacket 756,7128000.0,3.1,3,s,unisex,2025-05-27T10:04:00.434275
Crewneck 757,7582720.0,4.4,3,m,men,2025-05-27T10:04:00.434344
T-shirt 758,6025920.0,3.1,3,l,women,2025-05-27T10:04:00.434414
Hoodie 759,2779840.0,4.7,3,xl,unisex,2025-05-27T10:04:00.434484
Pants 760,2191040.0,4.1,3,xxl,men,2025-05-27T10:04:00.434554
Jacket 762,4091840.0,4.9,3,m,unisex,2025-05-27T10:04:00.590816
Crewneck 763,5792640.0,3.9,3,l,men,2025-05-27T10:04:00.590931
T-shirt 764,7211680.0,3.4,3,xl,women,2025-05-27T10:04:00.591041
Hoodie 765,1343360.0,4.9,3,xxl,unisex,2025-05-27T10:04:00.591145
Outerwear 767,4152800.0,4.5,3,m,women,2025-05-27T10:04:00.591316
Jacket 768,5662080.0,4.9,3,l,unisex,2025-05-27T10:04:00.591414
Crewneck 769,6294560.0,3.3,3,xl,men,2025-05-27T10:04:00.591510
T-shirt 770,1655040.0,3.5,3,xxl,women,2025-05-27T10:04:00.591630
Pants 772,8748160.0,3.4,3,m,men,2025-05-27T10:04:00.591841
Outerwear 773,3393600.0,3.2,3,l,women,2025-05-27T10:04:00.591939
Jacket 774,1485760.0,4.1,3,xl,unisex,2025-05-27T10:04:00.592035
Crewneck 775,8189440.0,3.1,3,xxl,men,2025-05-27T10:04:00.592133
T-shirt 776,5333120.0,3.7,3,s,women,2025-05-27T10:04:00.592230
Hoodie 777,6104800.0,3.4,3,m,unisex,2025-05-27T10:04:00.592338
Pants 778,6034720.0,4.2,3,l,men,2025-05-27T10:04:00.592445
Outerwear 779,5816480.0,3.2,3,xl,women,2025-05-27T10:04:00.592543
Jacket 780,2767520.0,3.4,3,xxl,unisex,2025-05-27T10:04:00.592647
T-shirt 782,4117439.9999999995,4.5,3,m,women,2025-05-27T10:04:00.740631
Hoodie 783,2510720.0,3.0,3,l,unisex,2025-05-27T10:04:00.740747
Pants 784,5341280.0,3.0,3,xl,men,2025-05-27T10:04:00.740858
Outerwear 785,6444480.0,4.3,3,xxl,women,2025-05-27T10:04:00.740963
Jacket 786,6749280.0,5.0,3,s,unisex,2025-05-27T10:04:00.741062
Crewneck 787,4593600.0,4.7,3,m,men,2025-05-27T10:04:00.741201
T-shirt 788,3041120.0,4.7,3,l,women,2025-05-27T10:04:00.741315
Hoodie 789,2153280.0,4.0,3,xl,unisex,2025-05-27T10:04:00.741418
Pants 790,1708320.0,3.2,3,xxl,men,2025-05-27T10:04:00.741519
Jacket 792,4068960.0,3.8,3,m,unisex,2025-05-27T10:04:00.741720
Crewneck 793,8650080.0,4.0,3,l,men,2025-05-27T10:04:00.741812
T-shirt 794,5983040.0,4.0,3,xl,women,2025-05-27T10:04:00.741910
Hoodie 795,4209600.0,3.9,3,xxl,unisex,2025-05-27T10:04:00.742006
Outerwear 797,2771360.0,4.9,3,m,women,2025-05-27T10:04:00.742195
Jacket 798,4391040.0,3.4,3,l,unisex,2025-05-27T10:04:00.742295
Crewneck 799,4048800.0,4.2,3,xl,men,2025-05-27T10:04:00.742409
T-shirt 800,7433280.0,4.6,3,xxl,women,2025-05-27T10:04:00.742521
Pants 802,5710240.0,4.4,3,m,men,2025-05-27T10:04:00.998817
Outerwear 803,1875360.0,4.3,3,l,women,2025-05-27T10:04:00.998947
Jacket 804,4459040.0,3.9,3,xl,unisex,2025-05-27T10:04:00.999017
Crewneck 805,3266720.0,4.8,3,xxl,men,2025-05-27T10:04:00.999084
T-shirt 806,7310560.0,3.0,3,s,women,2025-05-27T10:04:00.999149
Hoodie 807,5016000.0,4.7,3,m,unisex,2025-05-27T10:04:00.999217
Pants 808,8717760.0,3.2,3,l,men,2025-05-27T10:04:00.999281
Outerwear 809,7162560.0,3.7,3,xl,women,2025-05-27T10:04:00.999345
Jacket 810,3796640.0,4.8,3,xxl,unisex,2025-05-27T10:04:00.999409
T-shirt 812,6406080.0,4.2,3,m,women,2025-05-27T10:04:00.999534
Hoodie 813,4872800.0,5.0,3,l,unisex,2025-05-27T10:04:00.999597
Pants 814,1110080.0,4.7,3,xl,men,2025-05-27T10:04:00.999672
Outerwear 815,5985440.0,4.8,3,xxl,women,2025-05-27T10:04:00.999738
Jacket 816,1649120.0,4.5,3,s,unisex,2025-05-27T10:04:00.999810
Crewneck 817,8744160.0,4.4,3,m,men,2025-05-27T10:04:00.999874
T-shirt 818,5160320.0,3.8,3,l,women,2025-05-27T10:04:00.999936
Hoodie 819,4742400.0,4.7,3,xl,unisex,2025-05-27T10:04:00.999997
Pants 820,6030720.0,3.4,3,xxl,men,2025-05-27T10:04:01.000059
Jacket 822,838240.0,4.2,3,m,unisex,2025-05-27T10:04:01.228119
Crewneck 823,6103520.0,4.7,3,l,men,2025-05-27T10:04:01.228223
T-shirt 824,3301440.0,4.1,3,xl,women,2025-05-27T10:04:01.228310
Hoodie 825,1058400.0,3.8,3,xxl,unisex,2025-05-27T10:04:01.228380
Outerwear 827,7091040.0,4.8,3,m,women,2025-05-27T10:04:01.228502
Jacket 828,2324000.0,4.6,3,l,unisex,2025-05-27T10:04:01.228567
Crewneck 829,4630400.0,4.4,3,xl,men,2025-05-27T10:04:01.228632
T-shirt 830,4496480.0,3.0,3,xxl,women,2025-05-27T10:04:01.228694
Pants 832,3955360.0,4.6,3,m,men,2025-05-27T10:04:01.229123
Outerwear 833,7101280.0,3.0,3,l,women,2025-05-27T10:04:01.229199
Jacket 834,7223680.0,3.1,3,xl,unisex,2025-05-27T10:04:01.229333
Crewneck 835,7143360.0,3.9,3,xxl,men,2025-05-27T10:04:01.229432
T-shirt 836,6065440.0,4.1,3,s,women,2025-05-27T10:04:01.229508
Hoodie 837,5532640.0,5.0,3,m,unisex,2025-05-27T10:04:01.229609
Pants 838,2848800.0,3.1,3,l,men,2025-05-27T10:04:01.229738
Outerwear 839,4208320.0,3.9,3,xl,women,2025-05-27T10:04:01.229810
Jacket 840,8164640.0,3.6,3,xxl,unisex,2025-05-27T10:04:01.229875
T-shirt 842,2859040.0,3.3,3,m,women,2025-05-27T10:04:01.377339
Hoodie 843,2997120.0,3.6,3,l,unisex,2025-05-27T10:04:01.377410
Pants 844,7422880.0,3.9,3,xl,men,2025-05-27T10:04:01.377480
Outerwear 845,2023200.0,3.2,3,xxl,women,2025-05-27T10:04:01.377548
Jacket 846,7480480.0,3.6,3,s,unisex,2025-05-27T10:04:01.377624
Crewneck 847,4789920.0,3.7,3,m,men,2025-05-27T10:04:01.377697
T-shirt 848,6134240.0,4.1,3,l,women,2025-05-27T10:04:01.377765
Hoodie 849,7816160.0,3.5,3,xl,unisex,2025-05-27T10:04:01.377830
Pants 850,4144160.0,4.2,3,xxl,men,2025-05-27T10:04:01.377895
Jacket 852,2777280.0,4.1,3,m,unisex,2025-05-27T10:04:01.378024
Crewneck 853,2643840.0,3.4,3,l,men,2025-05-27T10:04:01.378087
T-shirt 854,1600000.0,4.5,3,xl,women,2025-05-27T10:04:01.378147
Hoodie 855,3249760.0,5.0,3,xxl,unisex,2025-05-27T10:04:01.378206
Outerwear 857,4532800.0,3.0,3,m,women,2025-05-27T10:04:01.378313
Jacket 858,3748640.0,3.7,3,l,unisex,2025-05-27T10:04:01.378382
Crewneck 859,6418560.0,3.0,3,xl,men,2025-05-27T10:04:01.378455
T-shirt 860,2419360.0,4.7,3,xxl,women,2025-05-27T10:04:01.378519
Pants 862,4131359.9999999995,3.3,3,m,men,2025-05-27T10:04:01.568941
Outerwear 863,1071360.0,4.0,3,l,women,2025-05-27T10:04:01.569018
Jacket 864,2168000.0,4.5,3,xl,unisex,2025-05-27T10:04:01.569104
Crewneck 865,6805120.0,3.9,3,xxl,men,2025-05-27T10:04:01.569173
T-shirt 866,2399040.0,3.2,3,s,women,2025-05-27T10:04:01.569241
Hoodie 867,1303840.0,3.3,3,m,unisex,2025-05-27T10:04:01.569314
Pants 868,7473760.0,4.6,3,l,men,2025-05-27T10:04:01.569381
Outerwear 869,6040320.0,4.5,3,xl,women,2025-05-27T10:04:01.569447
Jacket 870,6395040.0,3.5,3,xxl,unisex,2025-05-27T10:04:01.569531
T-shirt 872,1343680.0,4.3,3,m,women,2025-05-27T10:04:01.569674
Hoodie 873,8321600.0,4.8,3,l,unisex,2025-05-27T10:04:01.569737
Pants 874,2755200.0,4.4,3,xl,men,2025-05-27T10:04:01.569801
Outerwear 875,2506720.0,4.6,3,xxl,women,2025-05-27T10:04:01.569863
Jacket 876,3225760.0,4.6,3,s,unisex,2025-05-27T10:04:01.569940
Crewneck 877,4552640.0,4.6,3,m,men,2025-05-27T10:04:01.570015
T-shirt 878,4809760.0,4.7,3,l,women,2025-05-27T10:04:01.570098
Hoodie 879,1026880.0000000001,3.1,3,xl,unisex,2025-05-27T10:04:01.570180
Pants 880,6497760.0,4.3,3,xxl,men,2025-05-27T10:04:01.570256
Jacket 882,6420960.0,3.3,3,m,unisex,2025-05-27T10:04:01.725106
Crewneck 883,5901120.0,3.6,3,l,men,2025-05-27T10:04:01.725198
T-shirt 884,7414720.0,4.3,3,xl,women,2025-05-27T10:04:01.725406
Hoodie 885,4760640.0,3.4,3,xxl,unisex,2025-05-27T10:04:01.725500
Outerwear 887,7806400.0,3.8,3,m,women,2025-05-27T10:04:01.725665
Jacket 888,7869280.0,4.2,3,l,unisex,2025-05-27T10:04:01.725753
Crewneck 889,6333920.0,4.6,3,xl,men,2025-05-27T10:04:01.725833
T-shirt 890,6439040.0,4.7,3,xxl,women,2025-05-27T10:04:01.725915
Pants 892,8515360.0,4.4,3,m,men,2025-05-27T10:04:01.726111
Outerwear 893,2673600.0,3.2,3,l,women,2025-05-27T10:04:01.726281
Jacket 894,2946560.0,4.8,3,xl,unisex,2025-05-27T10:04:01.726446
Crewneck 895,1126720.0,4.3,3,xxl,men,2025-05-27T10:04:01.726535
T-shirt 896,7873760.0,4.9,3,s,women,2025-05-27T10:04:01.726635
Hoodie 897,6077920.0,3.1,3,m,unisex,2025-05-27T10:04:01.726717
Pants 898,8408640.0,4.1,3,l,men,2025-05-27T10:04:01.726798
Outerwear 899,6192960.0,4.8,3,xl,women,2025-05-27T10:04:01.726873
Jacket 900,7214240.0,3.3,3,xxl,unisex,2025-05-27T10:04:01.726948
T-shirt 902,3164000.0,3.6,3,m,women,2025-05-27T10:04:01.942839
Hoodie 903,2617920.0,4.1,3,l,unisex,2025-05-27T10:04:01.942918
Pants 904,3356320.0,3.9,3,xl,men,2025-05-27T10:04:01.942988
Outerwear 905,5027840.0,4.9,3,xxl,women,2025-05-27T10:04:01.943055
Jacket 906,4301760.0,3.9,3,s,unisex,2025-05-27T10:04:01.943121
Crewneck 907,8732640.0,4.9,3,m,men,2025-05-27T10:04:01.943211
T-shirt 908,7954880.0,4.2,3,l,women,2025-05-27T10:04:01.943309
Hoodie 909,8383840.0,3.6,3,xl,unisex,2025-05-27T10:04:01.943401
Pants 910,2395200.0,4.7,3,xxl,men,2025-05-27T10:04:01.943514
Jacket 912,7853280.0,4.9,3,m,unisex,2025-05-27T10:04:01.943793
Crewneck 913,3222240.0,3.5,3,l,men,2025-05-27T10:04:01.943892
T-shirt 914,5799200.0,4.6,3,xl,women,2025-05-27T10:04:01.943991
Hoodie 915,2649120.0,4.2,3,xxl,unisex,2025-05-27T10:04:01.944095
Outerwear 917,6061600.0,4.0,3,m,women,2025-05-27T10:04:01.944264
Jacket 918,5380800.0,3.3,3,l,unisex,2025-05-27T10:04:01.944362
Crewneck 919,8364000.0,4.7,3,xl,men,2025-05-27T10:04:01.944460
T-shirt 920,3706080.0,3.2,3,xxl,women,2025-05-27T10:04:01.944622
Pants 922,1210880.0,4.4,3,m,men,2025-05-27T10:04:02.140450
Outerwear 923,2435840.0,3.7,3,l,women,2025-05-27T10:04:02.140682
Jacket 924,3764320.0,3.8,3,xl,unisex,2025-05-27T10:04:02.140828
Crewneck 925,7900800.0,4.5,3,xxl,men,2025-05-27T10:04:02.140939
T-shirt 926,1911040.0,4.6,3,s,women,2025-05-27T10:04:02.141075
Hoodie 927,7706400.0,3.5,3,m,unisex,2025-05-27T10:04:02.141176
Pants 928,3911680.0,3.4,3,l,men,2025-05-27T10:04:02.141277
Outerwear 929,1253440.0,3.3,3,xl,women,2025-05-27T10:04:02.141393
Jacket 930,1741120.0,4.9,3,xxl,unisex,2025-05-27T10:04:02.141493
T-shirt 932,5937600.0,4.2,3,m,women,2025-05-27T10:04:02.141960
Hoodie 933,4960800.0,3.4,3,l,unisex,2025-05-27T10:04:02.142096
Pants 934,2248160.0,3.6,3,xl,men,2025-05-27T10:04:02.142239
Outerwear 935,6048000.0,4.1,3,xxl,women,2025-05-27T10:04:02.142348
Jacket 936,6165440.0,3.1,3,s,unisex,2025-05-27T10:04:02.142451
Crewneck 937,2475360.0,4.1,3,m,men,2025-05-27T10:04:02.142555
T-shirt 938,4058400.0,3.6,3,l,women,2025-05-27T10:04:02.142661
Hoodie 939,4466080.0,4.8,3,xl,unisex,2025-05-27T10:04:02.142765
Pants 940,5776000.0,3.7,3,xxl,men,2025-05-27T10:04:02.142869
Jacket 942,7972960.0,3.0,3,m,unisex,2025-05-27T10:04:02.352424
Crewneck 943,4571040.0,4.4,3,l,men,2025-05-27T10:04:02.352528
T-shirt 944,1578240.0,4.6,3,xl,women,2025-05-27T10:04:02.352629
Hoodie 945,2107680.0,4.2,3,xxl,unisex,2025-05-27T10:04:02.352726
Outerwear 947,7079680.0,4.6,3,m,women,2025-05-27T10:04:02.352893
Jacket 948,4600480.0,3.9,3,l,unisex,2025-05-27T10:04:02.352986
Crewneck 949,1844320.0,4.4,3,xl,men,2025-05-27T10:04:02.353076
T-shirt 950,7691680.0,4.9,3,xxl,women,2025-05-27T10:04:02.353163
Pants 952,7155040.0,3.7,3,m,men,2025-05-27T10:04:02.353357
Outerwear 953,8423200.0,3.8,3,l,women,2025-05-27T10:04:02.353451
Jacket 954,3878720.0,4.1,3,xl,unisex,2025-05-27T10:04:02.353544
Crewneck 955,7006560.0,4.7,3,xxl,men,2025-05-27T10:04:02.353636
T-shirt 956,4457600.0,3.1,3,s,women,2025-05-27T10:04:02.353722
Hoodie 957,4024320.0,4.4,3,m,unisex,2025-05-27T10:04:02.353802
Pants 958,3946240.0,4.8,3,l,men,2025-05-27T10:04:02.353880
Outerwear 959,6828480.0,4.6,3,xl,women,2025-05-27T10:04:02.353964
Jacket 960,5840160.0,4.5,3,xxl,unisex,2025-05-27T10:04:02.354044
T-shirt 962,2887840.0,4.1,3,m,women,2025-05-27T10:04:02.810653
Hoodie 963,7916160.0,4.6,3,l,unisex,2025-05-27T10:04:02.810770
Pants 964,3885280.0,3.3,3,xl,men,2025-05-27T10:04:02.810868
Outerwear 965,3107200.0,4.5,3,xxl,women,2025-05-27T10:04:02.810957
Jacket 966,8499520.0,4.9,3,s,unisex,2025-05-27T10:04:02.811043
Crewneck 967,1744000.0,3.5,3,m,men,2025-05-27T10:04:02.811127
T-shirt 968,4045120.0,4.4,3,l,women,2025-05-27T10:04:02.811209
Hoodie 969,4231840.0,3.8,3,xl,unisex,2025-05-27T10:04:02.811289
Pants 970,952960.0,4.6,3,xxl,men,2025-05-27T10:04:02.811370
Jacket 972,7272000.0,4.4,3,m,unisex,2025-05-27T10:04:02.811537
Crewneck 973,7134400.0,3.9,3,l,men,2025-05-27T10:04:02.811619
T-shirt 974,4769280.0,3.0,3,xl,women,2025-05-27T10:04:02.811718
Hoodie 975,4816000.0,3.6,3,xxl,unisex,2025-05-27T10:04:02.811803
Outerwear 977,3356000.0,3.6,3,m,women,2025-05-27T10:04:02.811940
Jacket 978,3918240.0,3.6,3,l,unisex,2025-05-27T10:04:02.812018
Crewneck 979,4848480.0,3.4,3,xl,men,2025-05-27T10:04:02.812097
T-shirt 980,6544000.0,3.1,3,xxl,women,2025-05-27T10:04:02.812176
Pants 982,7281760.0,4.9,3,m,men,2025-05-27T10:04:03.003424
Outerwear 983,5762560.0,3.2,3,l,women,2025-05-27T10:04:03.003539
Jacket 984,7349440.0,3.8,3,xl,unisex,2025-05-27T10:04:03.003660
Crewneck 985,6236000.0,4.3,3,xxl,men,2025-05-27T10:04:03.003754
T-shirt 986,6713760.0,4.5,3,s,women,2025-05-27T10:04:03.003853
Hoodie 987,4008000.0,4.7,3,m,unisex,2025-05-27T10:04:03.003945
Pants 988,2054239.9999999998,3.5,3,l,men,2025-05-27T10:04:03.004040
Outerwear 989,6869440.0,4.2,3,xl,women,2025-05-27T10:04:03.004136
Jacket 990,3327360.0,4.2,3,xxl,unisex,2025-05-27T10:04:03.004229
T-shirt 992,4840480.0,4.9,3,m,women,2025-05-27T10:04:03.004411
Hoodie 993,6361920.0,3.4,3,l,unisex,2025-05-27T10:04:03.004542
Pants 994,1693760.0,4.4,3,xl,men,2025-05-27T10:04:03.004632
Outerwear 995,8046720.0,3.2,3,xxl,women,2025-05-27T10:04:03.004719
Jacket 996,6942400.0,4.3,3,s,unisex,2025-05-27T10:04:03.004810
Crewneck 997,5321280.0,3.9,3,m,men,2025-05-27T10:04:03.004896
T-shirt 998,908000.0,4.2,3,l,women,2025-05-27T10:04:03.004983
Hoodie 999,8534240.0,4.8,3,xl,unisex,2025-05-27T10:04:03.005068
Pants 1000,2938240.0,4.7,3,xxl,men,2025-05-27T10:04:03.005153
